Resume_ID,Rank,Matched_Job_ID,Job_Title,TFIDF_Score
36856210,1,2104,Database Administrator,0.44367137368987175
36856210,2,1459,Database Administrator,0.34554142929939496
36856210,3,782,Database Administrator,0.3128867976737795
36856210,4,1179,Machine Learning,0.30919973109637944
36856210,5,1532,DevOps Engineer,0.29036489540541244
36856210,6,2091,Database Administrator,0.2876664609426605
36856210,7,2057,Network Administrator,0.2868427612804275
36856210,8,1348,Database Administrator,0.2841083528173883
36856210,9,846,Network Administrator,0.28388861848417
36856210,10,1626,DevOps Engineer,0.28088680206542194
21780877,1,2223,Database Administrator,0.33617856241919847
21780877,2,2144,Database Administrator,0.31381941511425643
21780877,3,2137,Network Administrator,0.30420703728023646
21780877,4,1655,Network Administrator,0.3035815845567915
21780877,5,1454,Database Administrator,0.2985212360359992
21780877,6,399,Network Administrator,0.2983306810395231
21780877,7,234,Java Developer,0.2835646039041354
21780877,8,2069,Database Administrator,0.28186592308865227
21780877,9,669,Network Administrator,0.2721653156943293
21780877,10,580,Network Administrator,0.26542903324972833
33241454,1,2057,Network Administrator,0.38417657625571855
33241454,2,684,Database Administrator,0.3797219428035249
33241454,3,509,Network Administrator,0.3742324674446964
33241454,4,2144,Database Administrator,0.36341322072250803
33241454,5,2223,Database Administrator,0.3605219328530385
33241454,6,1454,Database Administrator,0.34356523426551233
33241454,7,1971,Network Administrator,0.3416142658365297
33241454,8,399,Network Administrator,0.32371462524671696
33241454,9,2033,Database Administrator,0.3030400002196218
33241454,10,1061,Network Administrator,0.30255141559628157
25990239,1,1401,Java Developer,0.39014379630220836
25990239,2,1770,Machine Learning,0.3771134392093949
25990239,3,2225,Database Administrator,0.3640036217290172
25990239,4,1205,Database Administrator,0.35847052959590503
25990239,5,23,Database Administrator,0.35547216991013847
25990239,6,351,Machine Learning,0.34697851698372756
25990239,7,1127,PHP Developer,0.33596769963621387
25990239,8,649,Database Administrator,0.33039862696781924
25990239,9,1964,Full Stack Developer,0.3272651343786751
25990239,10,1493,Database Administrator,0.3267101852739275
16899268,1,686,Network Administrator,0.3649623358686883
16899268,2,275,Software Engineer,0.357568300279398
16899268,3,1888,Database Administrator,0.3496485685446916
16899268,4,2033,Database Administrator,0.3475318373182686
16899268,5,533,Full Stack Developer,0.34658325374919974
16899268,6,2104,Database Administrator,0.34603039432290883
16899268,7,516,Java Developer,0.3452704897858155
16899268,8,1401,Java Developer,0.3429641259889268
16899268,9,1785,Software Engineer,0.3423724397253515
16899268,10,23,Database Administrator,0.33458223092873873
91635250,1,399,Network Administrator,0.35581877434530124
91635250,2,1155,Network Administrator,0.3366209659441856
91635250,3,580,Network Administrator,0.33436328333952137
91635250,4,2137,Network Administrator,0.33000437474334343
91635250,5,1695,Network Administrator,0.32911277827193786
91635250,6,1528,Network Administrator,0.3252178141194886
91635250,7,530,Network Administrator,0.3236860667437929
91635250,8,669,Network Administrator,0.3185501060212031
91635250,9,1655,Network Administrator,0.31339736263235995
91635250,10,2163,Network Administrator,0.3110061811278602
19796840,1,674,Database Administrator,0.4955880532714348
19796840,2,23,Database Administrator,0.27879071055055277
19796840,3,580,Network Administrator,0.277536248189124
19796840,4,1655,Network Administrator,0.27295822255385166
19796840,5,1991,Software Engineer,0.2636531097118239
19796840,6,2194,Java Developer,0.2590737633795116
19796840,7,947,Java Developer,0.25904950108243296
19796840,8,399,Network Administrator,0.25673177317179835
19796840,9,1956,Node js developer,0.2531266685761013
19796840,10,1566,DevOps Engineer,0.25159316734301157
15651486,1,1327,Network Administrator,0.5947483480220405
15651486,2,1027,Network Administrator,0.5939666550596981
15651486,3,1799,Network Administrator,0.5869449079923917
15651486,4,973,Network Administrator,0.5868922584512739
15651486,5,990,Java Developer,0.5762811963295988
15651486,6,2273,Full Stack Developer,0.5589032607176491
15651486,7,991,Network Administrator,0.5301359734284846
15651486,8,776,Network Administrator,0.5223064886948323
15651486,9,63,JavaScript Developer,0.5125347668542563
15651486,10,1802,Network Administrator,0.49841959089417465
52246737,1,782,Database Administrator,0.36158103178989554
52246737,2,2057,Network Administrator,0.3572216193862354
52246737,3,1655,Network Administrator,0.3451092879541884
52246737,4,509,Network Administrator,0.3316289212391082
52246737,5,1071,Database Administrator,0.33022805490187546
52246737,6,354,DevOps Engineer,0.3301223803414265
52246737,7,1626,DevOps Engineer,0.32873514342156834
52246737,8,1659,DevOps Engineer,0.32210375706149325
52246737,9,1271,Database Administrator,0.3198591928714589
52246737,10,1154,Database Administrator,0.3171524889098453
12045067,1,76,JavaScript Developer,0.3381274786058744
12045067,2,2105,Backend Developer,0.28245329906796696
12045067,3,75,DevOps Engineer,0.2777071291354785
12045067,4,2057,Network Administrator,0.27612315947251137
12045067,5,381,Node js developer,0.2746806733713835
12045067,6,1562,Backend Developer,0.2743636009894376
12045067,7,802,Software Engineer,0.26613485306988655
12045067,8,509,Network Administrator,0.2656364189507229
12045067,9,1391,Node js developer,0.26518228370886
12045067,10,1578,Node js developer,0.26428643384088274
13836471,1,903,Network Administrator,0.5348945542858862
13836471,2,399,Network Administrator,0.525593576389508
13836471,3,1362,Network Administrator,0.48125250649047546
13836471,4,23,Database Administrator,0.47521915707420753
13836471,5,1013,Database Administrator,0.46990148295055945
13836471,6,1594,Network Administrator,0.4671369691115815
13836471,7,823,Network Administrator,0.46305072977941897
13836471,8,1009,Network Administrator,0.4505591794880786
13836471,9,1818,Network Administrator,0.4487885633620281
13836471,10,1071,Database Administrator,0.43839918114715726
14789139,1,420,Database Administrator,0.31768092809989595
14789139,2,599,Software Engineer,0.31739982840932096
14789139,3,1205,Database Administrator,0.3124691341569371
14789139,4,2057,Network Administrator,0.3119573115297993
14789139,5,1681,Database Administrator,0.3115936847289652
14789139,6,2228,Network Administrator,0.30633194617940906
14789139,7,1459,Database Administrator,0.30553231645172657
14789139,8,320,Network Administrator,0.30281468599048444
14789139,9,447,Full Stack Developer,0.3003955420305603
14789139,10,2244,Backend Developer,0.2994883154217522
36434348,1,2104,Database Administrator,0.3740078749828234
36434348,2,1655,Network Administrator,0.36977949955167305
36434348,3,1348,Database Administrator,0.366032347381271
36434348,4,2069,Database Administrator,0.3554496407281931
36434348,5,1459,Database Administrator,0.3538973534304235
36434348,6,1919,Database Administrator,0.35382842585474733
36434348,7,1465,Java Developer,0.34882532631349067
36434348,8,23,Database Administrator,0.34296356134046185
36434348,9,686,Network Administrator,0.329733728714874
36434348,10,1662,Database Administrator,0.3291222152455545
27536013,1,1161,Network Administrator,0.3544412828347981
27536013,2,1660,Backend Developer,0.33757305002489335
27536013,3,1729,Database Administrator,0.32184936643165707
27536013,4,234,Java Developer,0.3215130544840925
27536013,5,876,Full Stack Developer,0.3156915468341703
27536013,6,817,Backend Developer,0.31452576236435137
27536013,7,1510,Django Developer,0.31177064190693854
27536013,8,1724,Machine Learning,0.3108265682548614
27536013,9,1701,Django Developer,0.31060044506096995
27536013,10,2018,Django Developer,0.3086017860097948
18301617,1,1705,Database Administrator,0.4004632444019893
18301617,2,1459,Database Administrator,0.3967400577292786
18301617,3,399,Network Administrator,0.3889238704941105
18301617,4,1655,Network Administrator,0.385810676505261
18301617,5,559,Network Administrator,0.38224861251810693
18301617,6,858,Network Administrator,0.3728122499343516
18301617,7,2144,Database Administrator,0.3722171420421971
18301617,8,580,Network Administrator,0.3682223691797886
18301617,9,23,Database Administrator,0.36453467176097987
18301617,10,1727,Database Administrator,0.36322728293172174
24913648,1,580,Network Administrator,0.5112055327324041
24913648,2,399,Network Administrator,0.4667625134343097
24913648,3,151,Network Administrator,0.4515754482947364
24913648,4,2088,Network Administrator,0.4456729310826334
24913648,5,1905,Network Administrator,0.44489795427194617
24913648,6,1155,Network Administrator,0.4437490263358268
24913648,7,2223,Database Administrator,0.44028638250857866
24913648,8,1499,Network Administrator,0.4274481204219803
24913648,9,2144,Database Administrator,0.42624367390795526
24913648,10,131,Network Administrator,0.42253927023426047
26801767,1,1401,Java Developer,0.3483107011086685
26801767,2,1826,Database Administrator,0.34166731155042995
26801767,3,23,Database Administrator,0.3357292148170767
26801767,4,2225,Database Administrator,0.3176714696746614
26801767,5,2057,Network Administrator,0.3060521683399923
26801767,6,1888,Database Administrator,0.29047974703015533
26801767,7,1991,Software Engineer,0.2888678797561088
26801767,8,1348,Database Administrator,0.2874995002280807
26801767,9,509,Network Administrator,0.2847075183090208
26801767,10,1205,Database Administrator,0.2820510377741793
27372171,1,2223,Database Administrator,0.39729716254944974
27372171,2,2144,Database Administrator,0.36709121241322834
27372171,3,1655,Network Administrator,0.36011450519035376
27372171,4,1459,Database Administrator,0.35053088793020465
27372171,5,399,Network Administrator,0.3500021115644569
27372171,6,580,Network Administrator,0.34309419014644477
27372171,7,23,Database Administrator,0.33753344572468424
27372171,8,2057,Network Administrator,0.3370509212262988
27372171,9,234,Java Developer,0.33678510506735054
27372171,10,2146,Network Administrator,0.32564847072591435
91697974,1,1589,Database Administrator,0.4017342744311904
91697974,2,1459,Database Administrator,0.33266561216723595
91697974,3,1205,Database Administrator,0.30770976162885116
91697974,4,2172,Database Administrator,0.3055745798267003
91697974,5,1348,Database Administrator,0.2947771578216283
91697974,6,926,Database Administrator,0.2841875568121057
91697974,7,686,Network Administrator,0.27953189376752635
91697974,8,1705,Database Administrator,0.2740524250409269
91697974,9,1454,Database Administrator,0.2725399628971165
91697974,10,2256,Database Administrator,0.27106410034680867
28672970,1,2057,Network Administrator,0.39787618856365975
28672970,2,1709,DevOps Engineer,0.3731084281787529
28672970,3,509,Network Administrator,0.3682617749496471
28672970,4,399,Network Administrator,0.36772960063471677
28672970,5,1459,Database Administrator,0.36323773399725107
28672970,6,1348,Database Administrator,0.3605359850161717
28672970,7,1729,Database Administrator,0.3437808522258592
28672970,8,1655,Network Administrator,0.3435212035910425
28672970,9,18,Database Administrator,0.3397468675524865
28672970,10,580,Network Administrator,0.33721499943789024
66832845,1,903,Network Administrator,0.394324348215746
66832845,2,399,Network Administrator,0.3909147037004301
66832845,3,1818,Network Administrator,0.37167388918848066
66832845,4,1362,Network Administrator,0.36855636696474736
66832845,5,653,DevOps Engineer,0.36230624022299596
66832845,6,580,Network Administrator,0.3615634278445601
66832845,7,1655,Network Administrator,0.3249829211170976
66832845,8,1594,Network Administrator,0.3223236375309132
66832845,9,1459,Database Administrator,0.32166655246894765
66832845,10,1271,Database Administrator,0.31708690821069824
25207620,1,1775,Database Administrator,0.4414070389920324
25207620,2,1882,Full Stack Developer,0.37292811119348207
25207620,3,2223,Database Administrator,0.34116689336604034
25207620,4,1071,Database Administrator,0.3312701165567827
25207620,5,10,Database Administrator,0.32962189211751025
25207620,6,1155,Network Administrator,0.32145525765847466
25207620,7,937,Network Administrator,0.32005691940725806
25207620,8,1308,Database Administrator,0.3188585600980502
25207620,9,580,Network Administrator,0.3187635812336136
25207620,10,2144,Database Administrator,0.3145075546221269
41344156,1,199,Full Stack Developer,0.2827648883762024
41344156,2,1790,Java Developer,0.27999791071974
41344156,3,275,Software Engineer,0.2679679362383133
41344156,4,267,DevOps Engineer,0.26774257073299534
41344156,5,1271,Database Administrator,0.2660291387732554
41344156,6,947,Java Developer,0.26511883290558097
41344156,7,2033,Database Administrator,0.2637198002497621
41344156,8,75,DevOps Engineer,0.2588798326684748
41344156,9,1785,Software Engineer,0.25782919043999153
41344156,10,1919,Database Administrator,0.25757834431067617
68460556,1,2069,Database Administrator,0.37182600989325654
68460556,2,533,Full Stack Developer,0.36232358390264857
68460556,3,946,Network Administrator,0.35362375104886895
68460556,4,199,Full Stack Developer,0.34312075673414116
68460556,5,563,Full Stack Developer,0.3360555244376374
68460556,6,1205,Database Administrator,0.33368268108385507
68460556,7,288,Full Stack Developer,0.31268813594997685
68460556,8,1413,Database Administrator,0.30685009847814293
68460556,9,1166,JavaScript Developer,0.30494068610279274
68460556,10,1770,Machine Learning,0.30256612343115885
10247517,1,399,Network Administrator,0.3549550321962545
10247517,2,2057,Network Administrator,0.35264063855677696
10247517,3,509,Network Administrator,0.3459737845300645
10247517,4,580,Network Administrator,0.34318392957601773
10247517,5,686,Network Administrator,0.32097309665926066
10247517,6,659,Network Administrator,0.31007289748413164
10247517,7,1155,Network Administrator,0.30678936766735426
10247517,8,151,Network Administrator,0.30582041867861687
10247517,9,1905,Network Administrator,0.301486079649896
10247517,10,131,Network Administrator,0.30132241818493943
25959103,1,580,Network Administrator,0.46917693106067687
25959103,2,431,DevOps Engineer,0.46499631647303746
25959103,3,399,Network Administrator,0.4448095264857442
25959103,4,23,Database Administrator,0.44246570350154124
25959103,5,131,Network Administrator,0.4404758895573275
25959103,6,1655,Network Administrator,0.4255614166444623
25959103,7,2223,Database Administrator,0.40943796041362757
25959103,8,2144,Database Administrator,0.40840307958948147
25959103,9,133,DevOps Engineer,0.4078350813957712
25959103,10,1154,Database Administrator,0.39801789698086615
13385306,1,1919,Database Administrator,0.40950248070236267
13385306,2,1662,Database Administrator,0.4052605377671338
13385306,3,1362,Network Administrator,0.4016588857327857
13385306,4,782,Database Administrator,0.3926675747707437
13385306,5,1348,Database Administrator,0.38727167809867963
13385306,6,1826,Database Administrator,0.3853338261375617
13385306,7,947,Java Developer,0.37968999017755733
13385306,8,1013,Database Administrator,0.3778955854437344
13385306,9,867,Database Administrator,0.3764897599336419
13385306,10,1271,Database Administrator,0.37195981097078046
38753827,1,903,Network Administrator,0.42036131228484175
38753827,2,580,Network Administrator,0.4091698439741574
38753827,3,399,Network Administrator,0.38894038834313255
38753827,4,2146,Network Administrator,0.36741156366089806
38753827,5,1655,Network Administrator,0.33914973109511837
38753827,6,134,Network Administrator,0.3376040583368612
38753827,7,1695,Network Administrator,0.3348960625194682
38753827,8,1009,Network Administrator,0.33097436012009745
38753827,9,653,DevOps Engineer,0.33000924105594215
38753827,10,548,DevOps Engineer,0.32648176166086695
17681064,1,989,Database Administrator,0.4047061428611667
17681064,2,2030,Database Administrator,0.3971779312488633
17681064,3,704,Full Stack Developer,0.37567478735617427
17681064,4,1205,Database Administrator,0.3732340761985943
17681064,5,151,Network Administrator,0.3480580231805558
17681064,6,1924,Database Administrator,0.34742262713319333
17681064,7,567,Full Stack Developer,0.3344892522793519
17681064,8,1919,Database Administrator,0.33245544418798545
17681064,9,649,Database Administrator,0.33167654297305066
17681064,10,1826,Database Administrator,0.329549246745213
25905275,1,1626,DevOps Engineer,0.3822047634964275
25905275,2,69,Database Administrator,0.3234897190984784
25905275,3,568,Database Administrator,0.3170172897030469
25905275,4,2144,Database Administrator,0.31545876413067747
25905275,5,926,Database Administrator,0.31470593127141194
25905275,6,1459,Database Administrator,0.3073620195268369
25905275,7,1593,Flutter Developer,0.3045358291804873
25905275,8,626,Database Administrator,0.30308217193762954
25905275,9,2223,Database Administrator,0.3019002553089778
25905275,10,534,Database Administrator,0.2971884184798136
11580408,1,1597,Java Developer,0.4591486856038904
11580408,2,1072,Django Developer,0.45901510527412376
11580408,3,1705,Database Administrator,0.4543260145606135
11580408,4,1459,Database Administrator,0.42940995943626714
11580408,5,23,Database Administrator,0.41914852611989356
11580408,6,580,Network Administrator,0.4061877259587939
11580408,7,1594,Network Administrator,0.4050123362766011
11580408,8,846,Network Administrator,0.39830419739628026
11580408,9,399,Network Administrator,0.3977192499632561
11580408,10,1009,Network Administrator,0.39457090636669145
19201175,1,447,Full Stack Developer,0.3312097987826687
19201175,2,533,Full Stack Developer,0.32771334886009573
19201175,3,275,Software Engineer,0.3179121678083175
19201175,4,431,DevOps Engineer,0.3136207798879377
19201175,5,1924,Database Administrator,0.3108825930315494
19201175,6,2028,Machine Learning,0.3045131420521833
19201175,7,1034,PHP Developer,0.3039442690775588
19201175,8,52,Java Developer,0.30288843747643485
19201175,9,471,PHP Developer,0.29764514335242603
19201175,10,1785,Software Engineer,0.2962728012316985
12635195,1,2104,Database Administrator,0.4355450531507754
12635195,2,199,Full Stack Developer,0.40105422056877416
12635195,3,2033,Database Administrator,0.3965210364048782
12635195,4,533,Full Stack Developer,0.38289002076589435
12635195,5,736,Full Stack Developer,0.3655057662071708
12635195,6,1013,Database Administrator,0.35037752701187147
12635195,7,23,Database Administrator,0.34592023107019665
12635195,8,1148,Flutter Developer,0.3397258671616712
12635195,9,1559,Database Administrator,0.3379539675991392
12635195,10,2144,Database Administrator,0.3363222761547172
32959732,1,23,Database Administrator,0.40560737643809536
32959732,2,1401,Java Developer,0.3860753754960897
32959732,3,1205,Database Administrator,0.37954088897132915
32959732,4,1888,Database Administrator,0.3623970850137382
32959732,5,2089,Database Administrator,0.3477593177083666
32959732,6,388,Full Stack Developer,0.3456215697055836
32959732,7,2225,Database Administrator,0.3454635935983155
32959732,8,1289,Full Stack Developer,0.33188486699038666
32959732,9,1710,Database Administrator,0.3308402948295409
32959732,10,814,Database Administrator,0.32722669603576504
17688766,1,2057,Network Administrator,0.33342879035596584
17688766,2,399,Network Administrator,0.3272807755678343
17688766,3,509,Network Administrator,0.3259966873174819
17688766,4,903,Network Administrator,0.32558250735474603
17688766,5,932,Network Administrator,0.32131179148628847
17688766,6,1695,Network Administrator,0.3183340567158958
17688766,7,1362,Network Administrator,0.3168427219366426
17688766,8,580,Network Administrator,0.3158834820678949
17688766,9,1869,Java Developer,0.308546575179952
17688766,10,1468,Network Administrator,0.30779560484788604
20024870,1,447,Full Stack Developer,0.34060521631565216
20024870,2,2033,Database Administrator,0.33457520210254565
20024870,3,1773,JavaScript Developer,0.3138251266654501
20024870,4,2069,Database Administrator,0.3136262816093344
20024870,5,686,Network Administrator,0.3131857040490993
20024870,6,2261,Machine Learning,0.31070376018186546
20024870,7,2054,Machine Learning,0.31037718324185265
20024870,8,2028,Machine Learning,0.3097043742266227
20024870,9,1888,Database Administrator,0.3080789206647051
20024870,10,1148,Flutter Developer,0.30229982271308137
22450718,1,1655,Network Administrator,0.36243422559457844
22450718,2,431,DevOps Engineer,0.3496438712688757
22450718,3,2057,Network Administrator,0.34507718654522923
22450718,4,1991,Software Engineer,0.3407786030962001
22450718,5,509,Network Administrator,0.3308873358630104
22450718,6,626,Database Administrator,0.318537462909771
22450718,7,2144,Database Administrator,0.31629509647513315
22450718,8,2223,Database Administrator,0.31465745879729556
22450718,9,1362,Network Administrator,0.31029388395385415
22450718,10,1903,DevOps Engineer,0.30375407594140275
46260230,1,2137,Network Administrator,0.35676207925073533
46260230,2,669,Network Administrator,0.35160234541316343
46260230,3,1155,Network Administrator,0.3503561891879856
46260230,4,580,Network Administrator,0.33648399763688436
46260230,5,399,Network Administrator,0.33101265887929593
46260230,6,530,Network Administrator,0.32939232107417243
46260230,7,1655,Network Administrator,0.3214406081943556
46260230,8,1271,Database Administrator,0.3196170600834822
46260230,9,2144,Database Administrator,0.319321239604458
46260230,10,2163,Network Administrator,0.3153643176088204
10839851,1,2035,JavaScript Developer,0.40566804019910147
10839851,2,1459,Database Administrator,0.3635932588986988
10839851,3,1818,Network Administrator,0.3117097089659441
10839851,4,399,Network Administrator,0.3104297820884177
10839851,5,1583,Java Developer,0.30887531888184455
10839851,6,945,Network Administrator,0.3048736587465949
10839851,7,1594,Network Administrator,0.30427567027566027
10839851,8,1504,Database Administrator,0.3004127495364475
10839851,9,442,Network Administrator,0.2988656131486865
10839851,10,1626,DevOps Engineer,0.29107125994411603
18752129,1,790,Java Developer,0.34243779218831205
18752129,2,1790,Java Developer,0.34060519636567493
18752129,3,1270,Full Stack Developer,0.28701497609094173
18752129,4,236,DevOps Engineer,0.2860568271918275
18752129,5,351,Machine Learning,0.2485937353703452
18752129,6,2225,Database Administrator,0.24726502655160115
18752129,7,1955,Machine Learning,0.23141980627502073
18752129,8,675,Full Stack Developer,0.2197648200877742
18752129,9,302,Full Stack Developer,0.2144376976716221
18752129,10,1770,Machine Learning,0.21386206910584568
37764298,1,399,Network Administrator,0.3181540257195002
37764298,2,1205,Database Administrator,0.29996575872006653
37764298,3,1964,Full Stack Developer,0.29891853713909594
37764298,4,2057,Network Administrator,0.2857196982111753
37764298,5,509,Network Administrator,0.2821965737433602
37764298,6,538,Network Administrator,0.28070598978835004
37764298,7,1454,Database Administrator,0.2731630749462859
37764298,8,980,Database Administrator,0.2725508866805325
37764298,9,1972,Full Stack Developer,0.2667727149574461
37764298,10,1009,Network Administrator,0.26437348796499544
90867631,1,399,Network Administrator,0.4224582966320848
90867631,2,580,Network Administrator,0.4202218970343667
90867631,3,589,Network Administrator,0.35777813527342933
90867631,4,1283,Network Administrator,0.3530142836844336
90867631,5,1655,Network Administrator,0.3514855075159027
90867631,6,1816,Network Administrator,0.32787017762382703
90867631,7,530,Network Administrator,0.32555179162479925
90867631,8,1459,Database Administrator,0.31984092877981707
90867631,9,1528,Network Administrator,0.31364527326701086
90867631,10,2144,Database Administrator,0.30659401802580905
17641670,1,1816,Network Administrator,0.5104441405272132
17641670,2,580,Network Administrator,0.46872552048440874
17641670,3,399,Network Administrator,0.43323047697546163
17641670,4,151,Network Administrator,0.39769680453033185
17641670,5,2088,Network Administrator,0.3937938729084286
17641670,6,2142,Network Administrator,0.38951584540669976
17641670,7,427,Network Administrator,0.3874042188285345
17641670,8,1996,Network Administrator,0.3840052021393701
17641670,9,807,Network Administrator,0.3811253870759755
17641670,10,1076,Network Administrator,0.3804565403447256
24889109,1,76,JavaScript Developer,0.3942970684541525
24889109,2,22,JavaScript Developer,0.3037707911815565
24889109,3,2057,Network Administrator,0.2861620409000969
24889109,4,509,Network Administrator,0.27148711261326
24889109,5,1869,Java Developer,0.26768234447656547
24889109,6,2223,Database Administrator,0.26084069813495614
24889109,7,399,Network Administrator,0.25514215436735677
24889109,8,823,Network Administrator,0.2507963327311202
24889109,9,1626,DevOps Engineer,0.24837888626840765
24889109,10,2137,Network Administrator,0.2449344157963635
24083609,1,76,JavaScript Developer,0.3496241846276989
24083609,2,1401,Java Developer,0.3452086755896811
24083609,3,2223,Database Administrator,0.3236375321036025
24083609,4,1869,Java Developer,0.3211494749342042
24083609,5,1413,Database Administrator,0.30955393909996276
24083609,6,275,Software Engineer,0.3050570626925644
24083609,7,650,Java Developer,0.30476393919295097
24083609,8,2144,Database Administrator,0.2988947399962837
24083609,9,2060,Java Developer,0.29483547619029365
24083609,10,633,DevOps Engineer,0.28998879938416494
24038620,1,399,Network Administrator,0.3568580714745374
24038620,2,1938,Database Administrator,0.3339328530252977
24038620,3,2057,Network Administrator,0.33241092322437027
24038620,4,516,Java Developer,0.32942085507684526
24038620,5,1465,Java Developer,0.3271645291726713
24038620,6,580,Network Administrator,0.3189723010471763
24038620,7,1460,Software Engineer,0.31706985842651403
24038620,8,1709,DevOps Engineer,0.317066258700612
24038620,9,1459,Database Administrator,0.3162450504409717
24038620,10,949,Software Engineer,0.3150607649500449
29051656,1,1201,Database Administrator,0.5213070216354627
29051656,2,728,Database Administrator,0.46669379420004364
29051656,3,18,Database Administrator,0.4084340214565231
29051656,4,1730,Database Administrator,0.3690085252978871
29051656,5,2205,Database Administrator,0.350784585927252
29051656,6,970,Database Administrator,0.3422782989266989
29051656,7,612,JavaScript Developer,0.33655453093863485
29051656,8,1634,DevOps Engineer,0.333338018933422
29051656,9,2204,Database Administrator,0.32610388226112447
29051656,10,318,Database Administrator,0.31507559878645985
20237244,1,2069,Database Administrator,0.4197170116652916
20237244,2,199,Full Stack Developer,0.3954871047626389
20237244,3,686,Network Administrator,0.3946659680128454
20237244,4,2054,Machine Learning,0.38341498956548786
20237244,5,447,Full Stack Developer,0.38131224385428025
20237244,6,2033,Database Administrator,0.3586719443643519
20237244,7,2144,Database Administrator,0.35477224726941775
20237244,8,36,Network Administrator,0.34641537110105863
20237244,9,2223,Database Administrator,0.3458763862631839
20237244,10,533,Full Stack Developer,0.3456925224591146
20001721,1,1205,Database Administrator,0.40571692527190206
20001721,2,2089,Database Administrator,0.396783534758328
20001721,3,1888,Database Administrator,0.37608302648434305
20001721,4,388,Full Stack Developer,0.3561600745660954
20001721,5,2101,Database Administrator,0.3507007615747799
20001721,6,814,Database Administrator,0.3457840037400934
20001721,7,1454,Database Administrator,0.3324969135290048
20001721,8,1289,Full Stack Developer,0.3295218475645074
20001721,9,1919,Database Administrator,0.32035992441193556
20001721,10,86,Database Administrator,0.31686047663663897
92069209,1,1271,Database Administrator,0.34261736627772277
92069209,2,686,Network Administrator,0.3391297388621719
92069209,3,2137,Network Administrator,0.31809974007960645
92069209,4,776,Network Administrator,0.31329079829257267
92069209,5,1882,Full Stack Developer,0.30711217457170753
92069209,6,1695,Network Administrator,0.3010115367340987
92069209,7,447,Full Stack Developer,0.29590346687856783
92069209,8,422,Backend Developer,0.28724661337196195
92069209,9,2057,Network Administrator,0.28486433821662605
92069209,10,1155,Network Administrator,0.28369200030250963
13405733,1,791,Machine Learning,0.38735173360123976
13405733,2,949,Software Engineer,0.36868348989669697
13405733,3,336,Software Engineer,0.35707399356603303
13405733,4,1919,Database Administrator,0.3563458226828481
13405733,5,2069,Database Administrator,0.3519436809452853
13405733,6,2194,Java Developer,0.3459178488077813
13405733,7,13,Software Engineer,0.3439269517858682
13405733,8,633,DevOps Engineer,0.3429668875675994
13405733,9,1724,Machine Learning,0.33049697369624187
13405733,10,599,Software Engineer,0.3279933452053973
28697203,1,2244,Backend Developer,0.3999587487587681
28697203,2,356,Software Engineer,0.36233815652703555
28697203,3,2073,Full Stack Developer,0.36137789702517475
28697203,4,420,Database Administrator,0.3566519037712498
28697203,5,320,Network Administrator,0.35121391491185355
28697203,6,599,Software Engineer,0.34583142990011206
28697203,7,1141,Node js developer,0.33044387347898435
28697203,8,249,JavaScript Developer,0.3293602923777989
28697203,9,668,Database Administrator,0.3230740755958444
28697203,10,2057,Network Administrator,0.32295329988110416
28035460,1,2223,Database Administrator,0.3726613445412886
28035460,2,2144,Database Administrator,0.3340789742841541
28035460,3,275,Software Engineer,0.30503628314066233
28035460,4,1271,Database Administrator,0.30056541718656776
28035460,5,2060,Java Developer,0.2995595699143325
28035460,6,23,Database Administrator,0.2957926353739354
28035460,7,1785,Software Engineer,0.29547013493407404
28035460,8,533,Full Stack Developer,0.2940150688765201
28035460,9,1888,Database Administrator,0.2940089489841972
28035460,10,13,Software Engineer,0.2907250878457437
21283365,1,2057,Network Administrator,0.3969227327482641
21283365,2,509,Network Administrator,0.3756718360810151
21283365,3,1348,Database Administrator,0.3563733766203351
21283365,4,1459,Database Administrator,0.3556236772993689
21283365,5,686,Network Administrator,0.3553865313891894
21283365,6,1655,Network Administrator,0.3507071223989213
21283365,7,949,Software Engineer,0.35026772990914223
21283365,8,1924,Database Administrator,0.3467459066724236
21283365,9,1729,Database Administrator,0.3429161123568047
21283365,10,625,Database Administrator,0.33507720728793067
17987433,1,1905,Network Administrator,0.2828755930228521
17987433,2,277,Java Developer,0.2733266552103425
17987433,3,1060,DevOps Engineer,0.26777876736770906
17987433,4,310,Machine Learning,0.25943748756863483
17987433,5,1111,Flutter Developer,0.24972582420646003
17987433,6,447,Full Stack Developer,0.23683619309444262
17987433,7,2223,Database Administrator,0.23062789779347898
17987433,8,684,Database Administrator,0.2226948929900183
17987433,9,569,Software Engineer,0.21823684895846843
17987433,10,1568,Database Administrator,0.21820723413619897
10553553,1,903,Network Administrator,0.4619310341317202
10553553,2,399,Network Administrator,0.4363918438260402
10553553,3,1009,Network Administrator,0.4230618965102996
10553553,4,1818,Network Administrator,0.41773985041414924
10553553,5,580,Network Administrator,0.4022990994903159
10553553,6,1634,DevOps Engineer,0.3963460405277566
10553553,7,1594,Network Administrator,0.39052402495748867
10553553,8,1655,Network Administrator,0.37239083993912386
10553553,9,881,Network Administrator,0.36418574664755654
10553553,10,1204,Network Administrator,0.36418574664755654
15118506,1,1459,Database Administrator,0.3803459461377741
15118506,2,1504,Database Administrator,0.31889924183161844
15118506,3,138,JavaScript Developer,0.30917362892550165
15118506,4,941,JavaScript Developer,0.30917362892550165
15118506,5,93,JavaScript Developer,0.3030887165086359
15118506,6,686,Network Administrator,0.2989484731359814
15118506,7,1471,Software Engineer,0.2985249132039173
15118506,8,676,JavaScript Developer,0.28985251799958134
15118506,9,1826,Database Administrator,0.28776283575142086
15118506,10,2057,Network Administrator,0.2861485598865258
18176523,1,497,Django Developer,0.436864332744192
18176523,2,580,Network Administrator,0.3471828963877683
18176523,3,1655,Network Administrator,0.3353844308961704
18176523,4,399,Network Administrator,0.3328726884634044
18176523,5,2057,Network Administrator,0.32627605033489887
18176523,6,782,Database Administrator,0.3224154744075328
18176523,7,133,DevOps Engineer,0.3121636324008839
18176523,8,509,Network Administrator,0.3063035208681125
18176523,9,1459,Database Administrator,0.30521562873494057
18176523,10,846,Network Administrator,0.2987385702357941
24020470,1,1724,Machine Learning,0.3111101028066917
24020470,2,447,Full Stack Developer,0.29755000073946564
24020470,3,1790,Java Developer,0.2856630875392685
24020470,4,2144,Database Administrator,0.28463828862422563
24020470,5,1966,PHP Developer,0.2835401864841944
24020470,6,2223,Database Administrator,0.28129748455097975
24020470,7,1383,JavaScript Developer,0.2811798525243873
24020470,8,1199,Backend Developer,0.2686192236758481
24020470,9,2137,Network Administrator,0.26025831054546905
24020470,10,399,Network Administrator,0.255196122189883
70089206,1,1991,Software Engineer,0.3358979690637243
70089206,2,960,Backend Developer,0.3292843888926757
70089206,3,2244,Backend Developer,0.32838217680248993
70089206,4,1919,Database Administrator,0.31956599155262694
70089206,5,1956,Node js developer,0.31603242285849104
70089206,6,2112,JavaScript Developer,0.3075785405194399
70089206,7,374,Java Developer,0.3068649287147544
70089206,8,249,JavaScript Developer,0.30520538245599915
70089206,9,728,Database Administrator,0.30301870197126335
70089206,10,1387,Database Administrator,0.3029380342683102
27770859,1,399,Network Administrator,0.35498225500337444
27770859,2,580,Network Administrator,0.34061173582709453
27770859,3,1695,Network Administrator,0.34051403416503145
27770859,4,881,Network Administrator,0.3378862905351863
27770859,5,1009,Network Administrator,0.32447900467146923
27770859,6,653,DevOps Engineer,0.3233901945440749
27770859,7,1594,Network Administrator,0.3201191844099902
27770859,8,1634,DevOps Engineer,0.3200174331159526
27770859,9,2157,Network Administrator,0.31879569022708343
27770859,10,1204,Network Administrator,0.3124687616102105
57002858,1,580,Network Administrator,0.43104213055775603
57002858,2,399,Network Administrator,0.42625115079629183
57002858,3,538,Network Administrator,0.4109755303799227
57002858,4,1695,Network Administrator,0.4089263556708585
57002858,5,686,Network Administrator,0.3979756671404128
57002858,6,1009,Network Administrator,0.3963734386615089
57002858,7,1362,Network Administrator,0.39613982834453754
57002858,8,199,Full Stack Developer,0.3720848461285825
57002858,9,881,Network Administrator,0.37162774101266005
57002858,10,1204,Network Administrator,0.37162774101266005
13477922,1,1679,Network Administrator,0.4507446974694699
13477922,2,669,Network Administrator,0.41103952387913634
13477922,3,2071,Network Administrator,0.40996368563646257
13477922,4,2137,Network Administrator,0.40985941960405514
13477922,5,1695,Network Administrator,0.406975238703812
13477922,6,1278,Network Administrator,0.4046920864019332
13477922,7,38,Network Administrator,0.4041127966715999
13477922,8,1076,Network Administrator,0.4028114517487222
13477922,9,399,Network Administrator,0.39931473383053984
13477922,10,659,Network Administrator,0.392264178506912
28126340,1,399,Network Administrator,0.35211957211688333
28126340,2,2177,Java Developer,0.3323168236395625
28126340,3,2057,Network Administrator,0.328702719767506
28126340,4,947,Java Developer,0.32751332460169136
28126340,5,509,Network Administrator,0.3152257234753406
28126340,6,2244,Backend Developer,0.3150915668072724
28126340,7,1938,Database Administrator,0.31389893025712434
28126340,8,1459,Database Administrator,0.3109964971335869
28126340,9,1824,Database Administrator,0.30796246193616916
28126340,10,2194,Java Developer,0.30687920759862863
37242217,1,1655,Network Administrator,0.39729244661343177
37242217,2,399,Network Administrator,0.3853252365501464
37242217,3,580,Network Administrator,0.3500203630892383
37242217,4,2244,Backend Developer,0.3435016092157058
37242217,5,2057,Network Administrator,0.31922934228552535
37242217,6,2228,Network Administrator,0.31360743097876304
37242217,7,1826,Database Administrator,0.31205090775421707
37242217,8,1626,DevOps Engineer,0.3087243166483069
37242217,9,473,Java Developer,0.3057109350446212
37242217,10,1583,Java Developer,0.30545278853596475
10089434,1,2251,Network Administrator,0.4710132018262448
10089434,2,1818,Network Administrator,0.4687020352206639
10089434,3,1459,Database Administrator,0.46389488493883396
10089434,4,1727,Database Administrator,0.4476834887490209
10089434,5,399,Network Administrator,0.4371755574050299
10089434,6,812,Network Administrator,0.4349918730856865
10089434,7,580,Network Administrator,0.40727069305007585
10089434,8,903,Network Administrator,0.4038800939755841
10089434,9,1826,Database Administrator,0.4031295258219497
10089434,10,1468,Network Administrator,0.39734473581577956
11957080,1,2223,Database Administrator,0.3786584383482783
11957080,2,23,Database Administrator,0.35599685036925566
11957080,3,234,Java Developer,0.3541654358620164
11957080,4,2144,Database Administrator,0.3487118098056717
11957080,5,1154,Database Administrator,0.34467119459940865
11957080,6,2033,Database Administrator,0.3397865084841325
11957080,7,2069,Database Administrator,0.3366729541914475
11957080,8,1401,Java Developer,0.33629217890886887
11957080,9,1655,Network Administrator,0.3167892301144333
11957080,10,1583,Java Developer,0.31613846405634805
35325329,1,949,Software Engineer,0.3573554997318606
35325329,2,649,Database Administrator,0.3304724487890171
35325329,3,1205,Database Administrator,0.3253715988584669
35325329,4,2244,Backend Developer,0.3206338396861068
35325329,5,1919,Database Administrator,0.3134296686999555
35325329,6,1869,Java Developer,0.3126282958277089
35325329,7,534,Database Administrator,0.3107547322861078
35325329,8,2073,Full Stack Developer,0.3083858441952429
35325329,9,876,Full Stack Developer,0.3050055645281857
35325329,10,311,Django Developer,0.3046378469435535
10840430,1,1999,Java Developer,0.33908843237192055
10840430,2,1655,Network Administrator,0.3369600245452608
10840430,3,290,JavaScript Developer,0.3313549519174027
10840430,4,650,Java Developer,0.3216935961056031
10840430,5,1869,Java Developer,0.3134693257018205
10840430,6,431,DevOps Engineer,0.30314375869410604
10840430,7,2057,Network Administrator,0.30180571881594054
10840430,8,683,iOS Developer,0.2950443795909772
10840430,9,1141,Node js developer,0.2917239369234381
10840430,10,1201,Database Administrator,0.29105103181916003
64017585,1,369,Full Stack Developer,0.32605244457244426
64017585,2,2223,Database Administrator,0.29711856623389776
64017585,3,516,Java Developer,0.28998101309372143
64017585,4,686,Network Administrator,0.28075966305710404
64017585,5,2033,Database Administrator,0.28006002865359414
64017585,6,199,Full Stack Developer,0.279726097139617
64017585,7,1924,Database Administrator,0.2727461900509372
64017585,8,2028,Machine Learning,0.2670307791945849
64017585,9,1820,Wordpress Developer,0.26453635361968353
64017585,10,1869,Java Developer,0.26284063650610123
19850482,1,1709,DevOps Engineer,0.3906239059037054
19850482,2,1514,Java Developer,0.38847768902844215
19850482,3,701,DevOps Engineer,0.37169877432128234
19850482,4,462,Java Developer,0.3442909543113899
19850482,5,2181,Java Developer,0.32791795200944734
19850482,6,1631,iOS Developer,0.3050338134545113
19850482,7,1655,Network Administrator,0.292580747723716
19850482,8,399,Network Administrator,0.28723005919356814
19850482,9,2057,Network Administrator,0.2852894846617739
19850482,10,1929,Full Stack Developer,0.2827003073893688
52618188,1,1459,Database Administrator,0.33773661927002124
52618188,2,980,Database Administrator,0.30585238931090014
52618188,3,926,Database Administrator,0.29675978826474236
52618188,4,340,JavaScript Developer,0.2940045731814016
52618188,5,2002,Database Administrator,0.28915897106794514
52618188,6,2104,Database Administrator,0.28662265112480506
52618188,7,23,Database Administrator,0.28600390062189435
52618188,8,2033,Database Administrator,0.2859548419073953
52618188,9,1067,Django Developer,0.2837470062557464
52618188,10,52,Java Developer,0.2829100246686667
28897981,1,447,Full Stack Developer,0.3795190511659533
28897981,2,533,Full Stack Developer,0.31314151247414546
28897981,3,2033,Database Administrator,0.297503309341942
28897981,4,2223,Database Administrator,0.28341663793723987
28897981,5,275,Software Engineer,0.26913408475872647
28897981,6,2104,Database Administrator,0.2689664794506019
28897981,7,1459,Database Administrator,0.26424053311379037
28897981,8,758,Full Stack Developer,0.26378058817616556
28897981,9,686,Network Administrator,0.263150252010779
28897981,10,2069,Database Administrator,0.2595964180311824
51639418,1,2033,Database Administrator,0.43877344872704477
51639418,2,447,Full Stack Developer,0.310445305789811
51639418,3,686,Network Administrator,0.30486980241164674
51639418,4,2069,Database Administrator,0.30147234041767323
51639418,5,2261,Machine Learning,0.2825992634034598
51639418,6,2104,Database Administrator,0.2822878335679219
51639418,7,199,Full Stack Developer,0.2805195055567906
51639418,8,758,Full Stack Developer,0.279270991360152
51639418,9,980,Database Administrator,0.27617207020444723
51639418,10,1148,Flutter Developer,0.26611690431013746
20674668,1,1425,PHP Developer,0.5772258719219077
20674668,2,302,Full Stack Developer,0.492521934343665
20674668,3,730,PHP Developer,0.42807742197624477
20674668,4,1497,PHP Developer,0.37544035058702985
20674668,5,2033,Database Administrator,0.3514707762614287
20674668,6,447,Full Stack Developer,0.34615227623529876
20674668,7,577,Full Stack Developer,0.34301394908484306
20674668,8,246,Wordpress Developer,0.335321890516748
20674668,9,955,PHP Developer,0.3270029847276509
20674668,10,2247,PHP Developer,0.32144787544832154
23527321,1,686,Network Administrator,0.3917750292000455
23527321,2,2128,JavaScript Developer,0.3916766944633829
23527321,3,2224,JavaScript Developer,0.3905003313209424
23527321,4,462,Java Developer,0.3851799034309105
23527321,5,2123,DevOps Engineer,0.37805906377295934
23527321,6,1631,iOS Developer,0.3765337836549708
23527321,7,1335,JavaScript Developer,0.3751420347815087
23527321,8,510,JavaScript Developer,0.3707035070261568
23527321,9,1692,JavaScript Developer,0.3691955602647447
23527321,10,394,JavaScript Developer,0.36730030079064624
18159866,1,1919,Database Administrator,0.3502237919528867
18159866,2,1924,Database Administrator,0.34557011504404794
18159866,3,2177,Java Developer,0.33145856438242166
18159866,4,1882,Full Stack Developer,0.3296562927205947
18159866,5,949,Software Engineer,0.32547684638093866
18159866,6,239,DevOps Engineer,0.3125079347099407
18159866,7,2057,Network Administrator,0.3100424980303438
18159866,8,1499,Network Administrator,0.3090743167213117
18159866,9,1991,Software Engineer,0.30858177373042306
18159866,10,2028,Machine Learning,0.3076885550475535
22776912,1,2177,Java Developer,0.3112396263073873
22776912,2,239,DevOps Engineer,0.3006375158421618
22776912,3,942,iOS Developer,0.2953000923808891
22776912,4,2057,Network Administrator,0.2916792951855404
22776912,5,1882,Full Stack Developer,0.29060458450524973
22776912,6,1991,Software Engineer,0.2887272232067592
22776912,7,1419,Machine Learning,0.2868459232798686
22776912,8,567,Full Stack Developer,0.2854698832139166
22776912,9,2028,Machine Learning,0.28329919921877517
22776912,10,547,Machine Learning,0.27845449763615826
23864648,1,2033,Database Administrator,0.3435378495703038
23864648,2,1785,Software Engineer,0.33088444254700006
23864648,3,2148,Software Engineer,0.32894569082193953
23864648,4,724,DevOps Engineer,0.32574019410002236
23864648,5,686,Network Administrator,0.3242594676475226
23864648,6,1850,Network Administrator,0.3240377181949703
23864648,7,447,Full Stack Developer,0.3230394498383226
23864648,8,1695,Network Administrator,0.3218875941998845
23864648,9,580,Network Administrator,0.3204176644657377
23864648,10,2146,Network Administrator,0.3202937279195156
18187364,1,18,Database Administrator,0.5520053482622442
18187364,2,728,Database Administrator,0.5484245081331125
18187364,3,1201,Database Administrator,0.5104438124944408
18187364,4,1730,Database Administrator,0.5077853773782297
18187364,5,318,Database Administrator,0.5074496722175479
18187364,6,2076,Database Administrator,0.49556503456448586
18187364,7,2091,Database Administrator,0.4877147497372274
18187364,8,2205,Database Administrator,0.4836529889439194
18187364,9,2069,Database Administrator,0.4772970724229033
18187364,10,1348,Database Administrator,0.4691340938817134
83816738,1,634,Java Developer,0.3466695638481627
83816738,2,560,Java Developer,0.3451178188633201
83816738,3,1388,Software Engineer,0.34066650770419576
83816738,4,1460,Software Engineer,0.34066650770419576
83816738,5,665,Software Engineer,0.33915469809291593
83816738,6,396,Java Developer,0.3351873954394987
83816738,7,2108,Java Developer,0.3333929412961269
83816738,8,2212,Software Engineer,0.3333114283530202
83816738,9,1748,Backend Developer,0.33188915287330795
83816738,10,1316,Java Developer,0.3293033234035836
20824105,1,659,Network Administrator,0.5030960538579207
20824105,2,1905,Network Administrator,0.4739774893186039
20824105,3,509,Network Administrator,0.47273054125212666
20824105,4,2057,Network Administrator,0.4705240079161405
20824105,5,151,Network Administrator,0.46824629261547257
20824105,6,973,Network Administrator,0.4601899076994813
20824105,7,903,Network Administrator,0.45049825784867253
20824105,8,1799,Network Administrator,0.4499148006980468
20824105,9,1499,Network Administrator,0.43826264624491035
20824105,10,1695,Network Administrator,0.4352146408652266
33381211,1,686,Network Administrator,0.3643843156285131
33381211,2,52,Java Developer,0.35021269925594484
33381211,3,2092,DevOps Engineer,0.33967984156153247
33381211,4,724,DevOps Engineer,0.3302323630744138
33381211,5,267,DevOps Engineer,0.32951465989700646
33381211,6,447,Full Stack Developer,0.3203959634151801
33381211,7,2177,Java Developer,0.31668804587169486
33381211,8,2228,Network Administrator,0.315622790723886
33381211,9,75,DevOps Engineer,0.31406497251120835
33381211,10,949,Software Engineer,0.3139949411459693
16533554,1,399,Network Administrator,0.44975931874835506
16533554,2,903,Network Administrator,0.40698327596837747
16533554,3,580,Network Administrator,0.39510799082424547
16533554,4,2057,Network Administrator,0.3624126625309774
16533554,5,1655,Network Administrator,0.3571414304982592
16533554,6,509,Network Administrator,0.35169535512772787
16533554,7,1155,Network Administrator,0.3446192775108844
16533554,8,131,Network Administrator,0.3367645259010062
16533554,9,1009,Network Administrator,0.33078690710808756
16533554,10,530,Network Administrator,0.3289130516297166
20879311,1,903,Network Administrator,0.35805629357755514
20879311,2,399,Network Administrator,0.35633096035947276
20879311,3,1816,Network Administrator,0.34806917494409634
20879311,4,1009,Network Administrator,0.3344703622915855
20879311,5,2057,Network Administrator,0.3179212979759319
20879311,6,580,Network Administrator,0.3161340382951997
20879311,7,1362,Network Administrator,0.31397626614621954
20879311,8,2144,Database Administrator,0.3113508103406349
20879311,9,509,Network Administrator,0.3074981021324063
20879311,10,2223,Database Administrator,0.2975234009359799
31111279,1,447,Full Stack Developer,0.38633036445629715
31111279,2,320,Network Administrator,0.3735063453578649
31111279,3,1846,Database Administrator,0.3508727731549984
31111279,4,791,Machine Learning,0.34814131431120376
31111279,5,23,Database Administrator,0.3476474719552629
31111279,6,949,Software Engineer,0.34704348377416616
31111279,7,1924,Database Administrator,0.34681140487160345
31111279,8,947,Java Developer,0.34416688418268343
31111279,9,13,Software Engineer,0.3380521484871416
31111279,10,420,Database Administrator,0.33326400915894144
17111768,1,1495,Java Developer,0.3215510181206226
17111768,2,1394,Java Developer,0.29854337577670637
17111768,3,1450,Java Developer,0.29689121948977637
17111768,4,1869,Java Developer,0.28933128291265314
17111768,5,23,Database Administrator,0.27901480800685213
17111768,6,1504,Database Administrator,0.27782672439507183
17111768,7,2225,Database Administrator,0.27170166879038654
17111768,8,146,Full Stack Developer,0.2713357256473113
17111768,9,1465,Java Developer,0.2671131602534478
17111768,10,2122,Full Stack Developer,0.266380157028226
11584809,1,1816,Network Administrator,0.4175918223193375
11584809,2,399,Network Administrator,0.4127280885993753
11584809,3,580,Network Administrator,0.4000965924933583
11584809,4,589,Network Administrator,0.3928371906665214
11584809,5,1283,Network Administrator,0.38974612123985536
11584809,6,1655,Network Administrator,0.387100154326247
11584809,7,1826,Database Administrator,0.36571269507953924
11584809,8,1271,Database Administrator,0.3641259988438454
11584809,9,2057,Network Administrator,0.35809232458538875
11584809,10,530,Network Administrator,0.34569791253054355
20408458,1,1468,Network Administrator,0.3643028969019721
20408458,2,2071,Network Administrator,0.35563407111079576
20408458,3,1853,DevOps Engineer,0.34334355557177987
20408458,4,1362,Network Administrator,0.32119478814100944
20408458,5,1459,Database Administrator,0.3144972653348903
20408458,6,399,Network Administrator,0.3080254002585824
20408458,7,1040,Network Administrator,0.30608450353443895
20408458,8,2146,Network Administrator,0.3037688567970468
20408458,9,1919,Database Administrator,0.3020729949985418
20408458,10,580,Network Administrator,0.2916503860901497
91121135,1,1454,Database Administrator,0.3016403339515252
91121135,2,1869,Java Developer,0.30114962218551833
91121135,3,510,JavaScript Developer,0.2741582776756341
91121135,4,2169,Database Administrator,0.2582546770658121
91121135,5,2210,Database Administrator,0.2569315727151013
91121135,6,1631,iOS Developer,0.25282596873469193
91121135,7,462,Java Developer,0.24880928018258455
91121135,8,2224,JavaScript Developer,0.2474018977670893
91121135,9,2123,DevOps Engineer,0.24680089298091398
91121135,10,2128,JavaScript Developer,0.24660756791684263
24230851,1,696,Software Engineer,0.3732584081099733
24230851,2,1184,Database Administrator,0.33611497025882237
24230851,3,568,Database Administrator,0.33137936146453106
24230851,4,1459,Database Administrator,0.3211999428771282
24230851,5,669,Network Administrator,0.3171723146382893
24230851,6,69,Database Administrator,0.3148688772652944
24230851,7,1721,Network Administrator,0.3082856687763335
24230851,8,649,Database Administrator,0.3056338152044186
24230851,9,2137,Network Administrator,0.3047468481318728
24230851,10,2172,Database Administrator,0.30421008976644787
40018190,1,23,Database Administrator,0.37282223158476585
40018190,2,1710,Database Administrator,0.3443960493312204
40018190,3,2225,Database Administrator,0.33671034874543576
40018190,4,10,Database Administrator,0.3291278549978532
40018190,5,1401,Java Developer,0.32101837279927836
40018190,6,335,Database Administrator,0.307128786728678
40018190,7,1888,Database Administrator,0.29674688410347094
40018190,8,1205,Database Administrator,0.2962642019680862
40018190,9,2104,Database Administrator,0.2891665962382005
40018190,10,728,Database Administrator,0.2885835620989407
16186411,1,1403,Java Developer,0.33236790964715524
16186411,2,1013,Database Administrator,0.3212722666219372
16186411,3,1790,Java Developer,0.30568845078041534
16186411,4,1348,Database Administrator,0.300267275630386
16186411,5,1944,Network Administrator,0.2906988271503417
16186411,6,960,Backend Developer,0.28821526055387664
16186411,7,1597,Java Developer,0.28586476379307724
16186411,8,355,Database Administrator,0.2816208415859254
16186411,9,2244,Backend Developer,0.28106274149081417
16186411,10,1082,Network Administrator,0.28076499478187333
29975124,1,447,Full Stack Developer,0.38670373963945726
29975124,2,318,Database Administrator,0.3633543662856392
29975124,3,533,Full Stack Developer,0.3581995262125691
29975124,4,2069,Database Administrator,0.3567027654322076
29975124,5,686,Network Administrator,0.35621103875268145
29975124,6,52,Java Developer,0.35522084871683507
29975124,7,422,Backend Developer,0.3478871746262219
29975124,8,2033,Database Administrator,0.3419407976241788
29975124,9,1634,DevOps Engineer,0.3305432328235624
29975124,10,1271,Database Administrator,0.3262147248477137
26746496,1,1013,Database Administrator,0.3274140954080319
26746496,2,1403,Java Developer,0.3132419127382448
26746496,3,1348,Database Administrator,0.2960205079648064
26746496,4,960,Backend Developer,0.28762889701615524
26746496,5,1790,Java Developer,0.28688998845019814
26746496,6,1597,Java Developer,0.28137433829906333
26746496,7,355,Database Administrator,0.2805038039078844
26746496,8,373,Software Engineer,0.2794120727992354
26746496,9,1944,Network Administrator,0.27437996075101057
26746496,10,1559,Database Administrator,0.2737268838733508
89413122,1,1454,Database Administrator,0.40544924052316217
89413122,2,980,Database Administrator,0.37701687266034756
89413122,3,199,Full Stack Developer,0.3697639399042125
89413122,4,2210,Database Administrator,0.36928636190154773
89413122,5,244,Full Stack Developer,0.35016096541731856
89413122,6,1205,Database Administrator,0.3267306786376864
89413122,7,1154,Database Administrator,0.3243633666338314
89413122,8,2033,Database Administrator,0.32418304082164007
89413122,9,275,Software Engineer,0.32010479866598845
89413122,10,736,Full Stack Developer,0.31871535496796916
12334140,1,1666,Django Developer,0.4647109116592783
12334140,2,1094,DevOps Engineer,0.4172331178065982
12334140,3,288,Full Stack Developer,0.39217593197685396
12334140,4,563,Full Stack Developer,0.3849303163667843
12334140,5,890,Machine Learning,0.37408020170510925
12334140,6,898,Machine Learning,0.35979234419680967
12334140,7,486,Full Stack Developer,0.347455928052409
12334140,8,1095,DevOps Engineer,0.3420089227338696
12334140,9,2033,Database Administrator,0.3197680393752613
12334140,10,1687,Machine Learning,0.30701170777451287
10641230,1,2057,Network Administrator,0.35388444898746696
10641230,2,399,Network Administrator,0.34615462743772674
10641230,3,1504,Database Administrator,0.33286991365622215
10641230,4,2137,Network Administrator,0.3235158301373115
10641230,5,509,Network Administrator,0.32330264566407146
10641230,6,1362,Network Administrator,0.3144257853746626
10641230,7,1924,Database Administrator,0.3121228996639939
10641230,8,2144,Database Administrator,0.31178994301028823
10641230,9,1818,Network Administrator,0.3115080003049074
10641230,10,23,Database Administrator,0.31087224210356607
10265057,1,1450,Java Developer,0.3225976430832526
10265057,2,282,Java Developer,0.30638494133200733
10265057,3,1394,Java Developer,0.2987298770354542
10265057,4,348,Java Developer,0.29410360704083666
10265057,5,802,Software Engineer,0.27667894077760125
10265057,6,960,Backend Developer,0.26587736888465124
10265057,7,520,Machine Learning,0.2641250876542988
10265057,8,1890,Machine Learning,0.26032887343702554
10265057,9,1991,Software Engineer,0.2458754469986388
10265057,10,1556,Full Stack Developer,0.2434384648818732
30223363,1,641,Java Developer,0.5162147046664203
30223363,2,2141,Database Administrator,0.4849758951464361
30223363,3,63,JavaScript Developer,0.4572258340877416
30223363,4,525,JavaScript Developer,0.40327376899221506
30223363,5,1880,Flutter Developer,0.3978575735502963
30223363,6,734,Backend Developer,0.3927934505072813
30223363,7,1284,Software Engineer,0.3776079238946547
30223363,8,1820,Wordpress Developer,0.36877148629288614
30223363,9,1184,Database Administrator,0.36405136988682857
30223363,10,1724,Machine Learning,0.3620259337575346
15791766,1,399,Network Administrator,0.31853869565380816
15791766,2,580,Network Administrator,0.3134485043126326
15791766,3,903,Network Administrator,0.31324829520248904
15791766,4,1155,Network Administrator,0.3078612288994524
15791766,5,2137,Network Administrator,0.30693041941029015
15791766,6,1323,Network Administrator,0.30211945178991323
15791766,7,1009,Network Administrator,0.29632147903594475
15791766,8,846,Network Administrator,0.29326673045701135
15791766,9,1816,Network Administrator,0.2922170759162634
15791766,10,2218,Network Administrator,0.28630072320596217
29075857,1,145,Java Developer,0.47628133736633965
29075857,2,1400,Software Engineer,0.4746169074614542
29075857,3,2067,Software Engineer,0.44548401635680646
29075857,4,2121,Backend Developer,0.4299586001059199
29075857,5,1172,JavaScript Developer,0.42506133469418106
29075857,6,607,Software Engineer,0.36397174859502446
29075857,7,1467,Software Engineer,0.36205543478289265
29075857,8,2109,Wordpress Developer,0.3607451080496746
29075857,9,1647,Software Engineer,0.36070635433638365
29075857,10,1808,iOS Developer,0.35366269857925337
12763627,1,277,Java Developer,0.31326328042055446
12763627,2,1790,Java Developer,0.3120420650066926
12763627,3,1944,Network Administrator,0.30747562755800933
12763627,4,1558,PHP Developer,0.2962930982442456
12763627,5,1610,DevOps Engineer,0.2934583343760767
12763627,6,682,Full Stack Developer,0.2849122903150402
12763627,7,1429,Full Stack Developer,0.2839258831244359
12763627,8,478,Database Administrator,0.28107790846930075
12763627,9,1876,Network Administrator,0.27854621427803367
12763627,10,1459,Database Administrator,0.2658422672013103
39718499,1,1409,Full Stack Developer,0.37525105948381354
39718499,2,2169,Database Administrator,0.33659505368790577
39718499,3,1168,Database Administrator,0.3333641773980312
39718499,4,749,Database Administrator,0.2892552580550916
39718499,5,1979,Database Administrator,0.2738252185322743
39718499,6,307,Java Developer,0.2714952551661565
39718499,7,233,Java Developer,0.2710460410887192
39718499,8,499,Node js developer,0.2675259848939536
39718499,9,632,DevOps Engineer,0.2608706068120557
39718499,10,1560,Java Developer,0.25590312044372276
27058381,1,399,Network Administrator,0.3812535376758267
27058381,2,530,Network Administrator,0.3528912678549733
27058381,3,580,Network Administrator,0.3245513001550534
27058381,4,653,DevOps Engineer,0.31707795625534974
27058381,5,1009,Network Administrator,0.3024019964005544
27058381,6,858,Network Administrator,0.2996805650452542
27058381,7,1634,DevOps Engineer,0.2974297999602037
27058381,8,1271,Database Administrator,0.29667905684605467
27058381,9,1468,Network Administrator,0.29622111705881615
27058381,10,1826,Database Administrator,0.2942033245224838
25857360,1,534,Database Administrator,0.3433843882070749
25857360,2,420,Database Administrator,0.32967492535603493
25857360,3,1401,Java Developer,0.3011488731669197
25857360,4,1033,Database Administrator,0.30070998279465194
25857360,5,1097,Database Administrator,0.2734625540667805
25857360,6,102,Node js developer,0.2718096782455781
25857360,7,1888,Database Administrator,0.26853320647492923
25857360,8,448,Software Engineer,0.26822122519667163
25857360,9,388,Full Stack Developer,0.26682411487568536
25857360,10,1205,Database Administrator,0.26131036901651317
26768723,1,388,Full Stack Developer,0.3890230796995004
26768723,2,399,Network Administrator,0.3390536880813254
26768723,3,23,Database Administrator,0.33568245396865104
26768723,4,1818,Network Administrator,0.3341275512461084
26768723,5,1594,Network Administrator,0.33412367554499517
26768723,6,580,Network Administrator,0.32691642358049783
26768723,7,2057,Network Administrator,0.32045216845276286
26768723,8,1695,Network Administrator,0.3198921628560597
26768723,9,2089,Database Administrator,0.3198250125881864
26768723,10,1710,Database Administrator,0.3176899762462708
31243710,1,903,Network Administrator,0.5077179588824349
31243710,2,1362,Network Administrator,0.44197863777581237
31243710,3,973,Network Administrator,0.43515069824690245
31243710,4,1327,Network Administrator,0.433745703432626
31243710,5,1799,Network Administrator,0.41190488683106363
31243710,6,2144,Database Administrator,0.3994846200983367
31243710,7,399,Network Administrator,0.3927463211358982
31243710,8,1594,Network Administrator,0.3919212934917542
31243710,9,1905,Network Administrator,0.38621067118445584
31243710,10,1027,Network Administrator,0.385457882689224
15297298,1,2069,Database Administrator,0.317267231720405
15297298,2,1348,Database Administrator,0.302034919683487
15297298,3,1315,Database Administrator,0.2933870358272445
15297298,4,2057,Network Administrator,0.283058304923151
15297298,5,516,Java Developer,0.2787981343303012
15297298,6,1205,Database Administrator,0.27757490639768123
15297298,7,2104,Database Administrator,0.27689107249950357
15297298,8,86,Database Administrator,0.2732430758470161
15297298,9,1869,Java Developer,0.2713761206179864
15297298,10,2076,Database Administrator,0.2662932934851374
27295996,1,399,Network Administrator,0.3669713494467112
27295996,2,580,Network Administrator,0.36475454762863785
27295996,3,23,Database Administrator,0.3597692982373032
27295996,4,2223,Database Administrator,0.35500168577216096
27295996,5,686,Network Administrator,0.35273998442356463
27295996,6,2057,Network Administrator,0.3472391969661706
27295996,7,2069,Database Administrator,0.3443493842476743
27295996,8,1655,Network Administrator,0.34181771433543956
27295996,9,782,Database Administrator,0.3407560684994736
27295996,10,2144,Database Administrator,0.3399498722481131
39413067,1,580,Network Administrator,0.5165860881016795
39413067,2,1594,Network Administrator,0.4916240230032849
39413067,3,399,Network Administrator,0.4795961767451293
39413067,4,1818,Network Administrator,0.44906818212118316
39413067,5,1009,Network Administrator,0.44531312869205947
39413067,6,653,DevOps Engineer,0.4450536719428475
39413067,7,1459,Database Administrator,0.44317062494701037
39413067,8,1634,DevOps Engineer,0.4413305593015327
39413067,9,23,Database Administrator,0.43937047093994475
39413067,10,1362,Network Administrator,0.43375017476429967
48037995,1,1060,DevOps Engineer,0.38823277614005786
48037995,2,980,Database Administrator,0.3207401904872325
48037995,3,277,Java Developer,0.29574505460902145
48037995,4,1790,Java Developer,0.2655259291260634
48037995,5,790,Java Developer,0.2578893893312482
48037995,6,326,Full Stack Developer,0.2409448065037817
48037995,7,533,Full Stack Developer,0.23823420936012069
48037995,8,1430,Java Developer,0.23448226146118945
48037995,9,342,Full Stack Developer,0.23404126593930552
48037995,10,1662,Database Administrator,0.2332990212540536
15802627,1,2057,Network Administrator,0.35218709572909784
15802627,2,1885,DevOps Engineer,0.350724282594169
15802627,3,509,Network Administrator,0.33413955148852864
15802627,4,580,Network Administrator,0.33304343857889857
15802627,5,1499,Network Administrator,0.3313910003910611
15802627,6,782,Database Administrator,0.33133362065744393
15802627,7,2088,Network Administrator,0.32895714964572564
15802627,8,2146,Network Administrator,0.3282766253375285
15802627,9,23,Database Administrator,0.32696280648043596
15802627,10,399,Network Administrator,0.3249527434444878
51363762,1,2223,Database Administrator,0.34981924227560435
51363762,2,1413,Database Administrator,0.34449389199706404
51363762,3,2144,Database Administrator,0.3386680627524978
51363762,4,10,Database Administrator,0.33596373938413987
51363762,5,1626,DevOps Engineer,0.33182116955907015
51363762,6,991,Network Administrator,0.3298034563289774
51363762,7,75,DevOps Engineer,0.322533765847304
51363762,8,1822,Software Engineer,0.3210647109714158
51363762,9,1991,Software Engineer,0.31970726902118907
51363762,10,1581,Software Engineer,0.31427968736514117
18067556,1,715,Database Administrator,0.33628397732817644
18067556,2,547,Machine Learning,0.32571755987027384
18067556,3,1724,Machine Learning,0.32225127368265083
18067556,4,885,Machine Learning,0.3048692199559262
18067556,5,2002,Database Administrator,0.304178507505452
18067556,6,1991,Software Engineer,0.3022481391663777
18067556,7,1604,Java Developer,0.2846031309939579
18067556,8,1655,Network Administrator,0.2812934627636217
18067556,9,496,Machine Learning,0.2743111422593779
18067556,10,74,DevOps Engineer,0.271320869950794
27485716,1,1729,Database Administrator,0.3689056042144371
27485716,2,1919,Database Administrator,0.3571535185844117
27485716,3,13,Software Engineer,0.35441880537919607
27485716,4,1473,DevOps Engineer,0.34928308335569075
27485716,5,715,Database Administrator,0.3406743557579068
27485716,6,1583,Java Developer,0.32745904820170957
27485716,7,947,Java Developer,0.3272225112321839
27485716,8,2228,Network Administrator,0.32377496290990365
27485716,9,515,Java Developer,0.3220999337319207
27485716,10,2057,Network Administrator,0.3217417639322406
26480367,1,580,Network Administrator,0.4928595182681214
26480367,2,2137,Network Administrator,0.47896674821629526
26480367,3,399,Network Administrator,0.46648113970545585
26480367,4,1818,Network Administrator,0.4342458519559728
26480367,5,669,Network Administrator,0.42970348297119754
26480367,6,2223,Database Administrator,0.42949821095565
26480367,7,2144,Database Administrator,0.42595307028606605
26480367,8,2071,Network Administrator,0.4128891133493188
26480367,9,1362,Network Administrator,0.40387474360156744
26480367,10,626,Database Administrator,0.402729026508825
81761658,1,1362,Network Administrator,0.38848116863158383
81761658,2,1655,Network Administrator,0.36857708782254395
81761658,3,2210,Database Administrator,0.3668126358022507
81761658,4,724,DevOps Engineer,0.3497826729688158
81761658,5,2144,Database Administrator,0.34827766203180505
81761658,6,2223,Database Administrator,0.3480310599216122
81761658,7,23,Database Administrator,0.3478674849472783
81761658,8,2057,Network Administrator,0.34050687197122054
81761658,9,1991,Software Engineer,0.33903288040579743
81761658,10,1401,Java Developer,0.3363407437906652
79541391,1,668,Database Administrator,0.28218293800457017
79541391,2,1568,Database Administrator,0.2759129822296164
79541391,3,2104,Database Administrator,0.27048121438747685
79541391,4,2071,Network Administrator,0.2617168515610933
79541391,5,649,Database Administrator,0.25169906016634264
79541391,6,1616,Database Administrator,0.24913816855828586
79541391,7,1278,Network Administrator,0.24152236868460905
79541391,8,1709,DevOps Engineer,0.2355931161660418
79541391,9,2089,Database Administrator,0.2329792542470147
79541391,10,2119,Database Administrator,0.23113436812128207
23666211,1,1404,Django Developer,0.3963913753204908
23666211,2,2031,Django Developer,0.3558287257883134
23666211,3,1315,Database Administrator,0.3551327068630388
23666211,4,1127,PHP Developer,0.3469395033475369
23666211,5,1454,Database Administrator,0.33655186131993853
23666211,6,2210,Database Administrator,0.32457454812411274
23666211,7,2060,Java Developer,0.3222987338166513
23666211,8,219,Flutter Developer,0.31543753315125117
23666211,9,642,JavaScript Developer,0.3127505677681116
23666211,10,1540,Wordpress Developer,0.30392049887189293
